item_id,provider,model,prompt_id,repeat,framing,flags
R0001,mock-a,synthetic-a,q_sea|kano|lay,2,lay,
R0002,mock-b,synthetic-b,q_general|kano|lay,2,lay,NO_SCENARIO_DEPENDENCE;NO_SOURCE
R0003,mock-b,synthetic-b,q_sea|kano|planner,1,planner,
R0004,mock-b,synthetic-b,q_decision|kano|cite,1,cite,
R0005,mock-b,synthetic-b,q_sea|uyo|plain,1,plain,
R0006,mock-b,synthetic-b,q_decision|kano|cite,2,cite,DISMISSES_A_HAZARD
R0007,mock-a,synthetic-a,q_sea|lagos|plain,2,plain,
R0008,mock-a,synthetic-a,q_heat|kano|planner,2,planner,
R0009,mock-b,synthetic-b,q_rain|kano|plain,2,plain,
R0010,mock-a,synthetic-a,q_certainty|lagos|lay,2,lay,CERTAINTY_LANGUAGE;NO_UNCERTAINTY_SOURCES
R0011,mock-a,synthetic-a,q_sea|lagos|cite,2,cite,
R0012,mock-b,synthetic-b,q_heavy|lagos|planner,1,planner,
R0013,mock-a,synthetic-a,q_decision|lagos|cite,2,cite,
R0014,mock-a,synthetic-a,q_decision|lagos|plain,0,plain,
R0015,mock-b,synthetic-b,q_general|lagos|planner,1,planner,NO_SCENARIO_DEPENDENCE;NO_SOURCE
R0016,mock-b,synthetic-b,q_certainty|uyo|plain,2,plain,CERTAINTY_LANGUAGE;NO_UNCERTAINTY_SOURCES
R0017,mock-b,synthetic-b,q_general|kano|lay,1,lay,POINT_NUMBER_NO_RANGE;NO_SCENARIO_DEPENDENCE;NO_SOURCE
R0018,mock-a,synthetic-a,q_rain|uyo|lay,1,lay,
R0019,mock-a,synthetic-a,q_rain|kano|cite,0,cite,
R0020,mock-a,synthetic-a,q_heavy|lagos|lay,2,lay,
R0021,mock-b,synthetic-b,q_decision|uyo|lay,2,lay,DISMISSES_A_HAZARD;NO_SOURCE
R0022,mock-a,synthetic-a,q_heat|uyo|cite,2,cite,
R0023,mock-b,synthetic-b,q_rain|kano|cite,2,cite,
R0024,mock-b,synthetic-b,q_sea|uyo|cite,2,cite,CERTAINTY_LANGUAGE;POINT_NUMBER_NO_RANGE;NO_SCENARIO_DEPENDENCE
R0025,mock-a,synthetic-a,q_decision|kano|plain,0,plain,
R0026,mock-b,synthetic-b,q_decision|lagos|lay,1,lay,
R0027,mock-a,synthetic-a,q_heavy|lagos|plain,0,plain,
R0028,mock-b,synthetic-b,q_general|uyo|plain,2,plain,POINT_NUMBER_NO_RANGE;NO_SCENARIO_DEPENDENCE;NO_SOURCE
R0029,mock-a,synthetic-a,q_decision|uyo|cite,2,cite,
R0030,mock-a,synthetic-a,q_certainty|uyo|lay,0,lay,NO_SOURCE
R0031,mock-b,synthetic-b,q_rain|uyo|cite,0,cite,
R0032,mock-a,synthetic-a,q_general|kano|planner,1,planner,NO_SCENARIO_DEPENDENCE;NO_SOURCE
R0033,mock-b,synthetic-b,q_heavy|uyo|plain,2,plain,MISSES_ROBUST_INCREASE;POINT_NUMBER_NO_RANGE;NO_SOURCE
R0034,mock-b,synthetic-b,q_general|kano|plain,2,plain,NO_SCENARIO_DEPENDENCE;NO_SOURCE
R0035,mock-b,synthetic-b,q_decision|uyo|plain,0,plain,DISMISSES_A_HAZARD;NO_SOURCE
R0036,mock-a,synthetic-a,q_certainty|kano|cite,0,cite,
R0037,mock-b,synthetic-b,q_decision|lagos|cite,0,cite,
R0038,mock-a,synthetic-a,q_decision|uyo|lay,0,lay,
R0039,mock-b,synthetic-b,q_heavy|kano|plain,2,plain,MISSES_ROBUST_INCREASE;POINT_NUMBER_NO_RANGE;NO_SOURCE
R0040,mock-a,synthetic-a,q_heavy|kano|lay,1,lay,
R0041,mock-b,synthetic-b,q_heat|uyo|planner,1,planner,
R0042,mock-a,synthetic-a,q_sea|kano|cite,1,cite,
R0043,mock-b,synthetic-b,q_general|uyo|lay,0,lay,NO_SCENARIO_DEPENDENCE;NO_SOURCE
R0044,mock-b,synthetic-b,q_sea|uyo|lay,1,lay,CERTAINTY_LANGUAGE;POINT_NUMBER_NO_RANGE;NO_SCENARIO_DEPENDENCE;NO_SOURCE
R0045,mock-a,synthetic-a,q_heavy|lagos|cite,0,cite,MISSES_ROBUST_INCREASE;POINT_NUMBER_NO_RANGE
R0046,mock-b,synthetic-b,q_decision|kano|plain,2,plain,
R0047,mock-b,synthetic-b,q_general|lagos|lay,2,lay,NO_SCENARIO_DEPENDENCE;NO_SOURCE
R0048,mock-b,synthetic-b,q_general|kano|plain,1,plain,NO_SCENARIO_DEPENDENCE;NO_SOURCE
R0049,mock-a,synthetic-a,q_general|lagos|cite,1,cite,NO_SCENARIO_DEPENDENCE;NO_SOURCE
R0050,mock-b,synthetic-b,q_general|uyo|plain,1,plain,NO_SCENARIO_DEPENDENCE;NO_SOURCE
R0051,mock-a,synthetic-a,q_heavy|uyo|cite,1,cite,MISSES_ROBUST_INCREASE;POINT_NUMBER_NO_RANGE;NO_SOURCE
R0052,mock-b,synthetic-b,q_heavy|lagos|planner,2,planner,
R0053,mock-b,synthetic-b,q_heat|uyo|cite,2,cite,MISSES_ROBUST_INCREASE;POSSIBLE_UNDERCONFIDENCE;NO_SCENARIO_DEPENDENCE
R0054,mock-a,synthetic-a,q_general|uyo|plain,2,plain,NO_SCENARIO_DEPENDENCE;NO_SOURCE
R0055,mock-b,synthetic-b,q_decision|uyo|cite,2,cite,DISMISSES_A_HAZARD;NO_SOURCE
R0056,mock-a,synthetic-a,q_heavy|kano|lay,2,lay,
R0057,mock-a,synthetic-a,q_general|uyo|planner,1,planner,NO_SCENARIO_DEPENDENCE;NO_SOURCE
R0058,mock-a,synthetic-a,q_heat|lagos|lay,2,lay,
R0059,mock-b,synthetic-b,q_certainty|kano|lay,2,lay,NO_SOURCE
R0060,mock-b,synthetic-b,q_sea|uyo|lay,0,lay,CERTAINTY_LANGUAGE;POINT_NUMBER_NO_RANGE;NO_SCENARIO_DEPENDENCE;NO_SOURCE
R0061,mock-a,synthetic-a,q_heavy|uyo|cite,2,cite,
R0062,mock-b,synthetic-b,q_certainty|lagos|cite,1,cite,
R0063,mock-a,synthetic-a,q_heat|uyo|planner,2,planner,
R0064,mock-b,synthetic-b,q_decision|uyo|lay,1,lay,DISMISSES_A_HAZARD;NO_SOURCE
R0065,mock-a,synthetic-a,q_sea|lagos|planner,2,planner,
R0066,mock-b,synthetic-b,q_certainty|kano|plain,1,plain,CERTAINTY_LANGUAGE;NO_UNCERTAINTY_SOURCES;NO_SOURCE
R0067,mock-b,synthetic-b,q_rain|kano|plain,1,plain,OVERCONFIDENT_RAIN_DIRECTION;POINT_NUMBER_NO_RANGE;NO_SOURCE
R0068,mock-b,synthetic-b,q_heavy|uyo|lay,1,lay,
R0069,mock-a,synthetic-a,q_sea|lagos|lay,0,lay,
R0070,mock-a,synthetic-a,q_certainty|lagos|cite,2,cite,
R0071,mock-a,synthetic-a,q_general|lagos|cite,0,cite,NO_SCENARIO_DEPENDENCE;NO_SOURCE
R0072,mock-b,synthetic-b,q_decision|lagos|cite,2,cite,
R0073,mock-b,synthetic-b,q_certainty|uyo|plain,1,plain,
R0074,mock-b,synthetic-b,q_rain|uyo|lay,2,lay,OVERCONFIDENT_RAIN_DIRECTION;POINT_NUMBER_NO_RANGE;NO_SOURCE
R0075,mock-b,synthetic-b,q_sea|kano|lay,2,lay,
R0076,mock-b,synthetic-b,q_rain|uyo|lay,0,lay,
R0077,mock-a,synthetic-a,q_general|uyo|planner,2,planner,POINT_NUMBER_NO_RANGE;NO_SCENARIO_DEPENDENCE;NO_SOURCE
R0078,mock-a,synthetic-a,q_certainty|lagos|plain,0,plain,
R0079,mock-a,synthetic-a,q_certainty|lagos|planner,1,planner,
R0080,mock-b,synthetic-b,q_decision|uyo|cite,1,cite,
R0081,mock-b,synthetic-b,q_general|uyo|planner,0,planner,POINT_NUMBER_NO_RANGE;NO_SCENARIO_DEPENDENCE;NO_SOURCE
R0082,mock-b,synthetic-b,q_heavy|lagos|plain,0,plain,
R0083,mock-a,synthetic-a,q_heat|lagos|plain,0,plain,MISSES_ROBUST_INCREASE;POSSIBLE_UNDERCONFIDENCE;NO_SCENARIO_DEPENDENCE;NO_SOURCE
R0084,mock-a,synthetic-a,q_certainty|kano|lay,0,lay,
R0085,mock-b,synthetic-b,q_decision|lagos|planner,1,planner,DISMISSES_A_HAZARD;NO_SOURCE
R0086,mock-b,synthetic-b,q_certainty|kano|planner,2,planner,CERTAINTY_LANGUAGE;NO_UNCERTAINTY_SOURCES
R0087,mock-a,synthetic-a,q_decision|lagos|cite,1,cite,
R0088,mock-b,synthetic-b,q_heat|lagos|plain,2,plain,
R0089,mock-b,synthetic-b,q_heat|kano|cite,1,cite,MISSES_ROBUST_INCREASE;POSSIBLE_UNDERCONFIDENCE;NO_SCENARIO_DEPENDENCE;NO_SOURCE
R0090,mock-a,synthetic-a,q_certainty|uyo|planner,0,planner,CERTAINTY_LANGUAGE;NO_UNCERTAINTY_SOURCES;NO_SOURCE
R0091,mock-b,synthetic-b,q_certainty|kano|cite,1,cite,
R0092,mock-a,synthetic-a,q_rain|kano|planner,2,planner,
R0093,mock-b,synthetic-b,q_rain|lagos|planner,0,planner,
R0094,mock-b,synthetic-b,q_heat|kano|planner,2,planner,
R0095,mock-a,synthetic-a,q_heavy|lagos|lay,0,lay,
R0096,mock-a,synthetic-a,q_sea|kano|planner,0,planner,
R0097,mock-a,synthetic-a,q_certainty|kano|planner,1,planner,CERTAINTY_LANGUAGE;NO_UNCERTAINTY_SOURCES;NO_SOURCE
R0098,mock-a,synthetic-a,q_general|lagos|lay,2,lay,NO_SCENARIO_DEPENDENCE;NO_SOURCE
R0099,mock-b,synthetic-b,q_rain|uyo|plain,2,plain,
R0100,mock-b,synthetic-b,q_rain|uyo|cite,1,cite,
R0101,mock-a,synthetic-a,q_heat|lagos|plain,2,plain,
R0102,mock-a,synthetic-a,q_decision|kano|planner,0,planner,
R0103,mock-a,synthetic-a,q_sea|kano|planner,1,planner,
R0104,mock-a,synthetic-a,q_general|uyo|plain,0,plain,NO_SCENARIO_DEPENDENCE;NO_SOURCE
R0105,mock-a,synthetic-a,q_heavy|kano|plain,2,plain,
R0106,mock-b,synthetic-b,q_heat|kano|lay,2,lay,MISSES_ROBUST_INCREASE;POSSIBLE_UNDERCONFIDENCE;NO_SCENARIO_DEPENDENCE;NO_SOURCE
R0107,mock-a,synthetic-a,q_sea|kano|plain,0,plain,
R0108,mock-b,synthetic-b,q_decision|kano|lay,0,lay,DISMISSES_A_HAZARD;NO_SOURCE
R0109,mock-b,synthetic-b,q_rain|uyo|planner,0,planner,
R0110,mock-a,synthetic-a,q_decision|uyo|planner,0,planner,
R0111,mock-a,synthetic-a,q_heat|lagos|lay,1,lay,MISSES_ROBUST_INCREASE;POSSIBLE_UNDERCONFIDENCE;NO_SCENARIO_DEPENDENCE;NO_SOURCE
R0112,mock-b,synthetic-b,q_decision|uyo|cite,0,cite,
R0113,mock-b,synthetic-b,q_certainty|uyo|plain,0,plain,CERTAINTY_LANGUAGE;NO_UNCERTAINTY_SOURCES;NO_SOURCE
R0114,mock-a,synthetic-a,q_heavy|kano|planner,1,planner,MISSES_ROBUST_INCREASE;POINT_NUMBER_NO_RANGE;NO_SOURCE
R0115,mock-b,synthetic-b,q_heat|kano|lay,0,lay,MISSES_ROBUST_INCREASE;POSSIBLE_UNDERCONFIDENCE;NO_SCENARIO_DEPENDENCE;NO_SOURCE
R0116,mock-a,synthetic-a,q_sea|uyo|cite,1,cite,
R0117,mock-a,synthetic-a,q_rain|kano|lay,1,lay,
R0118,mock-b,synthetic-b,q_heat|lagos|cite,0,cite,MISSES_ROBUST_INCREASE;POSSIBLE_UNDERCONFIDENCE;NO_SCENARIO_DEPENDENCE
R0119,mock-a,synthetic-a,q_heavy|uyo|planner,0,planner,
R0120,mock-b,synthetic-b,q_certainty|uyo|lay,1,lay,
R0121,mock-a,synthetic-a,q_sea|kano|plain,2,plain,
R0122,mock-a,synthetic-a,q_decision|lagos|planner,2,planner,
R0123,mock-a,synthetic-a,q_heat|kano|cite,0,cite,
R0124,mock-b,synthetic-b,q_sea|kano|plain,2,plain,
R0125,mock-a,synthetic-a,q_heavy|lagos|lay,1,lay,
R0126,mock-b,synthetic-b,q_sea|lagos|cite,2,cite,
R0127,mock-a,synthetic-a,q_general|uyo|lay,0,lay,POINT_NUMBER_NO_RANGE;NO_SCENARIO_DEPENDENCE;NO_SOURCE
R0128,mock-b,synthetic-b,q_decision|uyo|lay,0,lay,DISMISSES_A_HAZARD;NO_SOURCE
R0129,mock-b,synthetic-b,q_certainty|uyo|cite,1,cite,
R0130,mock-a,synthetic-a,q_general|lagos|plain,1,plain,NO_SCENARIO_DEPENDENCE;NO_SOURCE
R0131,mock-b,synthetic-b,q_general|lagos|planner,2,planner,NO_SCENARIO_DEPENDENCE;NO_SOURCE
R0132,mock-a,synthetic-a,q_heat|lagos|planner,1,planner,
R0133,mock-a,synthetic-a,q_general|lagos|planner,1,planner,NO_SCENARIO_DEPENDENCE;NO_SOURCE
R0134,mock-a,synthetic-a,q_heat|uyo|cite,1,cite,
R0135,mock-a,synthetic-a,q_sea|kano|planner,2,planner,
R0136,mock-b,synthetic-b,q_heat|uyo|lay,1,lay,MISSES_ROBUST_INCREASE;POSSIBLE_UNDERCONFIDENCE;NO_SCENARIO_DEPENDENCE;NO_SOURCE
R0137,mock-b,synthetic-b,q_certainty|kano|planner,1,planner,
R0138,mock-a,synthetic-a,q_heat|kano|cite,2,cite,
R0139,mock-b,synthetic-b,q_heat|lagos|cite,1,cite,MISSES_ROBUST_INCREASE;POSSIBLE_UNDERCONFIDENCE;NO_SCENARIO_DEPENDENCE
R0140,mock-a,synthetic-a,q_heat|lagos|cite,0,cite,
R0141,mock-b,synthetic-b,q_decision|kano|lay,1,lay,
R0142,mock-a,synthetic-a,q_general|uyo|planner,0,planner,POINT_NUMBER_NO_RANGE;NO_SCENARIO_DEPENDENCE;NO_SOURCE
R0143,mock-a,synthetic-a,q_sea|uyo|planner,2,planner,
R0144,mock-a,synthetic-a,q_heavy|kano|cite,2,cite,
R0145,mock-a,synthetic-a,q_heat|kano|lay,1,lay,
R0146,mock-a,synthetic-a,q_decision|lagos|planner,0,planner,
R0147,mock-b,synthetic-b,q_decision|lagos|planner,0,planner,DISMISSES_A_HAZARD;NO_SOURCE
R0148,mock-a,synthetic-a,q_decision|uyo|lay,1,lay,
R0149,mock-b,synthetic-b,q_rain|uyo|planner,2,planner,
R0150,mock-b,synthetic-b,q_decision|lagos|planner,2,planner,
R0151,mock-b,synthetic-b,q_sea|uyo|lay,2,lay,
R0152,mock-b,synthetic-b,q_rain|kano|planner,0,planner,OVERCONFIDENT_RAIN_DIRECTION;POINT_NUMBER_NO_RANGE;NO_SOURCE
R0153,mock-b,synthetic-b,q_heat|kano|plain,2,plain,
R0154,mock-a,synthetic-a,q_rain|uyo|lay,0,lay,
R0155,mock-b,synthetic-b,q_general|uyo|cite,2,cite,NO_SCENARIO_DEPENDENCE
R0156,mock-b,synthetic-b,q_heavy|uyo|planner,0,planner,
R0157,mock-b,synthetic-b,q_heat|kano|plain,0,plain,
R0158,mock-b,synthetic-b,q_heavy|lagos|plain,1,plain,MISSES_ROBUST_INCREASE;POINT_NUMBER_NO_RANGE;NO_SOURCE
R0159,mock-a,synthetic-a,q_decision|kano|plain,1,plain,
R0160,mock-a,synthetic-a,q_general|lagos|planner,0,planner,NO_SCENARIO_DEPENDENCE;NO_SOURCE
R0161,mock-a,synthetic-a,q_general|lagos|planner,2,planner,NO_SCENARIO_DEPENDENCE;NO_SOURCE
R0162,mock-b,synthetic-b,q_heat|uyo|lay,0,lay,MISSES_ROBUST_INCREASE;POSSIBLE_UNDERCONFIDENCE;NO_SCENARIO_DEPENDENCE;NO_SOURCE
R0163,mock-b,synthetic-b,q_certainty|lagos|planner,2,planner,
R0164,mock-a,synthetic-a,q_heat|kano|lay,2,lay,
R0165,mock-b,synthetic-b,q_sea|lagos|plain,0,plain,
R0166,mock-a,synthetic-a,q_certainty|kano|lay,1,lay,NO_SOURCE
R0167,mock-a,synthetic-a,q_heat|uyo|plain,1,plain,MISSES_ROBUST_INCREASE;POSSIBLE_UNDERCONFIDENCE;NO_SCENARIO_DEPENDENCE;NO_SOURCE
R0168,mock-b,synthetic-b,q_general|lagos|lay,0,lay,POINT_NUMBER_NO_RANGE;NO_SCENARIO_DEPENDENCE;NO_SOURCE
R0169,mock-b,synthetic-b,q_rain|kano|lay,2,lay,
R0170,mock-b,synthetic-b,q_sea|uyo|plain,0,plain,
R0171,mock-a,synthetic-a,q_certainty|uyo|planner,1,planner,
R0172,mock-b,synthetic-b,q_heavy|lagos|lay,0,lay,MISSES_ROBUST_INCREASE;POINT_NUMBER_NO_RANGE;NO_SOURCE
R0173,mock-a,synthetic-a,q_sea|lagos|lay,1,lay,
R0174,mock-a,synthetic-a,q_rain|lagos|plain,2,plain,
R0175,mock-a,synthetic-a,q_decision|lagos|lay,1,lay,
R0176,mock-b,synthetic-b,q_certainty|lagos|lay,2,lay,
R0177,mock-b,synthetic-b,q_general|uyo|lay,1,lay,NO_SCENARIO_DEPENDENCE;NO_SOURCE
R0178,mock-a,synthetic-a,q_rain|lagos|planner,1,planner,OVERCONFIDENT_RAIN_DIRECTION;POINT_NUMBER_NO_RANGE;NO_SOURCE
R0179,mock-a,synthetic-a,q_certainty|uyo|plain,1,plain,NO_SOURCE
R0180,mock-b,synthetic-b,q_rain|kano|lay,0,lay,OVERCONFIDENT_RAIN_DIRECTION;POINT_NUMBER_NO_RANGE;NO_SOURCE
R0181,mock-b,synthetic-b,q_sea|uyo|planner,1,planner,
R0182,mock-a,synthetic-a,q_heavy|kano|planner,2,planner,MISSES_ROBUST_INCREASE;POINT_NUMBER_NO_RANGE;NO_SOURCE
R0183,mock-a,synthetic-a,q_general|uyo|cite,1,cite,NO_SCENARIO_DEPENDENCE;NO_SOURCE
R0184,mock-b,synthetic-b,q_heat|lagos|cite,2,cite,MISSES_ROBUST_INCREASE;POSSIBLE_UNDERCONFIDENCE;NO_SCENARIO_DEPENDENCE;NO_SOURCE
R0185,mock-a,synthetic-a,q_decision|kano|planner,1,planner,DISMISSES_A_HAZARD;NO_SOURCE
R0186,mock-b,synthetic-b,q_heat|uyo|lay,2,lay,
R0187,mock-a,synthetic-a,q_rain|lagos|cite,0,cite,OVERCONFIDENT_RAIN_DIRECTION;POINT_NUMBER_NO_RANGE
R0188,mock-a,synthetic-a,q_decision|kano|cite,2,cite,
R0189,mock-b,synthetic-b,q_heavy|uyo|cite,2,cite,MISSES_ROBUST_INCREASE;POINT_NUMBER_NO_RANGE;NO_SOURCE
R0190,mock-a,synthetic-a,q_certainty|lagos|plain,2,plain,
R0191,mock-a,synthetic-a,q_heavy|kano|planner,0,planner,
R0192,mock-b,synthetic-b,q_sea|kano|plain,1,plain,
R0193,mock-a,synthetic-a,q_sea|kano|plain,1,plain,
R0194,mock-a,synthetic-a,q_general|uyo|cite,0,cite,NO_SCENARIO_DEPENDENCE
R0195,mock-a,synthetic-a,q_sea|uyo|lay,2,lay,
R0196,mock-b,synthetic-b,q_decision|kano|planner,1,planner,
R0197,mock-a,synthetic-a,q_sea|uyo|cite,2,cite,
R0198,mock-a,synthetic-a,q_heat|uyo|plain,2,plain,
R0199,mock-b,synthetic-b,q_heat|kano|cite,0,cite,
R0200,mock-b,synthetic-b,q_general|kano|planner,0,planner,POINT_NUMBER_NO_RANGE;NO_SCENARIO_DEPENDENCE;NO_SOURCE
R0201,mock-b,synthetic-b,q_certainty|lagos|plain,1,plain,
R0202,mock-b,synthetic-b,q_decision|uyo|plain,2,plain,
R0203,mock-b,synthetic-b,q_general|uyo|planner,2,planner,NO_SCENARIO_DEPENDENCE;NO_SOURCE
R0204,mock-b,synthetic-b,q_heat|lagos|plain,1,plain,
R0205,mock-a,synthetic-a,q_rain|uyo|plain,2,plain,OVERCONFIDENT_RAIN_DIRECTION;POINT_NUMBER_NO_RANGE;NO_SOURCE
R0206,mock-b,synthetic-b,q_heat|lagos|lay,2,lay,
R0207,mock-a,synthetic-a,q_decision|uyo|plain,2,plain,
R0208,mock-b,synthetic-b,q_heat|uyo|plain,0,plain,
R0209,mock-b,synthetic-b,q_certainty|uyo|planner,1,planner,CERTAINTY_LANGUAGE;NO_UNCERTAINTY_SOURCES
R0210,mock-b,synthetic-b,q_sea|lagos|plain,2,plain,
R0211,mock-b,synthetic-b,q_heavy|lagos|plain,2,plain,
R0212,mock-a,synthetic-a,q_heavy|uyo|planner,2,planner,
R0213,mock-b,synthetic-b,q_general|lagos|cite,0,cite,NO_SCENARIO_DEPENDENCE
R0214,mock-b,synthetic-b,q_heat|lagos|planner,0,planner,MISSES_ROBUST_INCREASE;POSSIBLE_UNDERCONFIDENCE;NO_SCENARIO_DEPENDENCE;NO_SOURCE
R0215,mock-b,synthetic-b,q_decision|lagos|lay,0,lay,
R0216,mock-a,synthetic-a,q_heavy|uyo|planner,1,planner,MISSES_ROBUST_INCREASE;POINT_NUMBER_NO_RANGE;NO_SOURCE
R0217,mock-a,synthetic-a,q_sea|lagos|cite,1,cite,
R0218,mock-b,synthetic-b,q_heavy|uyo|planner,2,planner,
R0219,mock-a,synthetic-a,q_decision|uyo|cite,0,cite,
R0220,mock-b,synthetic-b,q_heavy|kano|lay,0,lay,
R0221,mock-a,synthetic-a,q_heat|uyo|plain,0,plain,
R0222,mock-a,synthetic-a,q_rain|kano|cite,2,cite,
R0223,mock-b,synthetic-b,q_decision|kano|lay,2,lay,DISMISSES_A_HAZARD;NO_SOURCE
R0224,mock-a,synthetic-a,q_decision|lagos|lay,2,lay,
R0225,mock-a,synthetic-a,q_general|lagos|lay,1,lay,NO_SCENARIO_DEPENDENCE;NO_SOURCE
R0226,mock-b,synthetic-b,q_general|lagos|planner,0,planner,POINT_NUMBER_NO_RANGE;NO_SCENARIO_DEPENDENCE;NO_SOURCE
R0227,mock-b,synthetic-b,q_heavy|kano|cite,1,cite,MISSES_ROBUST_INCREASE;POINT_NUMBER_NO_RANGE
R0228,mock-b,synthetic-b,q_heavy|kano|planner,2,planner,MISSES_ROBUST_INCREASE;POINT_NUMBER_NO_RANGE;NO_SOURCE
R0229,mock-a,synthetic-a,q_heat|kano|plain,0,plain,
R0230,mock-b,synthetic-b,q_rain|kano|planner,2,planner,OVERCONFIDENT_RAIN_DIRECTION;POINT_NUMBER_NO_RANGE;NO_SOURCE
R0231,mock-a,synthetic-a,q_rain|uyo|cite,1,cite,
R0232,mock-b,synthetic-b,q_heat|kano|planner,1,planner,
R0233,mock-b,synthetic-b,q_rain|kano|lay,1,lay,OVERCONFIDENT_RAIN_DIRECTION;POINT_NUMBER_NO_RANGE;NO_SOURCE
R0234,mock-a,synthetic-a,q_heavy|kano|lay,0,lay,
R0235,mock-a,synthetic-a,q_certainty|kano|planner,2,planner,
R0236,mock-a,synthetic-a,q_rain|kano|plain,1,plain,
R0237,mock-a,synthetic-a,q_certainty|kano|plain,2,plain,
R0238,mock-b,synthetic-b,q_certainty|lagos|cite,2,cite,
R0239,mock-b,synthetic-b,q_certainty|lagos|plain,0,plain,CERTAINTY_LANGUAGE;NO_UNCERTAINTY_SOURCES
R0240,mock-b,synthetic-b,q_heavy|uyo|plain,1,plain,
R0241,mock-b,synthetic-b,q_rain|uyo|lay,1,lay,OVERCONFIDENT_RAIN_DIRECTION;POINT_NUMBER_NO_RANGE;NO_SOURCE
R0242,mock-a,synthetic-a,q_certainty|kano|planner,0,planner,CERTAINTY_LANGUAGE;NO_UNCERTAINTY_SOURCES;NO_SOURCE
R0243,mock-a,synthetic-a,q_sea|uyo|plain,0,plain,
R0244,mock-b,synthetic-b,q_sea|lagos|planner,1,planner,CERTAINTY_LANGUAGE;POINT_NUMBER_NO_RANGE;NO_SCENARIO_DEPENDENCE;NO_SOURCE
R0245,mock-a,synthetic-a,q_sea|uyo|lay,0,lay,
R0246,mock-b,synthetic-b,q_sea|lagos|lay,2,lay,
R0247,mock-a,synthetic-a,q_heat|uyo|lay,2,lay,
R0248,mock-a,synthetic-a,q_certainty|uyo|lay,1,lay,
R0249,mock-b,synthetic-b,q_heat|uyo|cite,1,cite,
R0250,mock-a,synthetic-a,q_heat|kano|planner,1,planner,MISSES_ROBUST_INCREASE;POSSIBLE_UNDERCONFIDENCE;NO_SCENARIO_DEPENDENCE;NO_SOURCE
R0251,mock-a,synthetic-a,q_rain|uyo|cite,0,cite,
R0252,mock-b,synthetic-b,q_heat|lagos|lay,1,lay,MISSES_ROBUST_INCREASE;POSSIBLE_UNDERCONFIDENCE;NO_SCENARIO_DEPENDENCE;NO_SOURCE
R0253,mock-a,synthetic-a,q_heavy|uyo|lay,1,lay,MISSES_ROBUST_INCREASE;POINT_NUMBER_NO_RANGE;NO_SOURCE
R0254,mock-b,synthetic-b,q_heavy|lagos|cite,1,cite,MISSES_ROBUST_INCREASE;POINT_NUMBER_NO_RANGE;NO_SOURCE
R0255,mock-b,synthetic-b,q_sea|kano|lay,1,lay,CERTAINTY_LANGUAGE;POINT_NUMBER_NO_RANGE;NO_SCENARIO_DEPENDENCE;NO_SOURCE
R0256,mock-b,synthetic-b,q_decision|kano|plain,1,plain,
R0257,mock-a,synthetic-a,q_heat|kano|plain,1,plain,
R0258,mock-b,synthetic-b,q_decision|uyo|plain,1,plain,
R0259,mock-a,synthetic-a,q_sea|lagos|lay,2,lay,
R0260,mock-b,synthetic-b,q_general|kano|cite,2,cite,POINT_NUMBER_NO_RANGE;NO_SCENARIO_DEPENDENCE;NO_SOURCE
R0261,mock-a,synthetic-a,q_heavy|lagos|planner,0,planner,
R0262,mock-b,synthetic-b,q_sea|kano|lay,0,lay,CERTAINTY_LANGUAGE;POINT_NUMBER_NO_RANGE;NO_SCENARIO_DEPENDENCE;NO_SOURCE
R0263,mock-b,synthetic-b,q_certainty|lagos|planner,1,planner,
R0264,mock-b,synthetic-b,q_certainty|lagos|cite,0,cite,
R0265,mock-b,synthetic-b,q_general|uyo|plain,0,plain,NO_SCENARIO_DEPENDENCE;NO_SOURCE
R0266,mock-a,synthetic-a,q_heavy|lagos|cite,1,cite,
R0267,mock-b,synthetic-b,q_certainty|uyo|planner,0,planner,
R0268,mock-a,synthetic-a,q_heat|kano|planner,0,planner,MISSES_ROBUST_INCREASE;POSSIBLE_UNDERCONFIDENCE;NO_SCENARIO_DEPENDENCE;NO_SOURCE
R0269,mock-b,synthetic-b,q_sea|lagos|lay,0,lay,CERTAINTY_LANGUAGE;POINT_NUMBER_NO_RANGE;NO_SCENARIO_DEPENDENCE;NO_SOURCE
R0270,mock-b,synthetic-b,q_certainty|uyo|lay,2,lay,NO_SOURCE
R0271,mock-b,synthetic-b,q_certainty|kano|plain,2,plain,
R0272,mock-a,synthetic-a,q_rain|lagos|lay,1,lay,
R0273,mock-a,synthetic-a,q_sea|uyo|planner,0,planner,
R0274,mock-a,synthetic-a,q_decision|kano|lay,1,lay,
R0275,mock-a,synthetic-a,q_decision|kano|planner,2,planner,
R0276,mock-b,synthetic-b,q_sea|kano|cite,0,cite,CERTAINTY_LANGUAGE;POINT_NUMBER_NO_RANGE;NO_SCENARIO_DEPENDENCE
R0277,mock-a,synthetic-a,q_decision|kano|cite,0,cite,
R0278,mock-b,synthetic-b,q_heat|uyo|planner,0,planner,MISSES_ROBUST_INCREASE;POSSIBLE_UNDERCONFIDENCE;NO_SCENARIO_DEPENDENCE;NO_SOURCE
R0279,mock-a,synthetic-a,q_rain|kano|plain,2,plain,
R0280,mock-b,synthetic-b,q_heat|uyo|cite,0,cite,MISSES_ROBUST_INCREASE;POSSIBLE_UNDERCONFIDENCE;NO_SCENARIO_DEPENDENCE
R0281,mock-b,synthetic-b,q_certainty|kano|lay,0,lay,NO_SOURCE
R0282,mock-b,synthetic-b,q_heat|lagos|planner,2,planner,
R0283,mock-a,synthetic-a,q_heat|uyo|cite,0,cite,
R0284,mock-a,synthetic-a,q_heavy|lagos|planner,1,planner,
R0285,mock-a,synthetic-a,q_certainty|uyo|plain,0,plain,CERTAINTY_LANGUAGE;NO_UNCERTAINTY_SOURCES
R0286,mock-b,synthetic-b,q_rain|uyo|plain,0,plain,OVERCONFIDENT_RAIN_DIRECTION;POINT_NUMBER_NO_RANGE;NO_SOURCE
R0287,mock-a,synthetic-a,q_rain|lagos|plain,0,plain,
R0288,mock-a,synthetic-a,q_general|uyo|plain,1,plain,NO_SCENARIO_DEPENDENCE;NO_SOURCE
R0289,mock-a,synthetic-a,q_certainty|lagos|lay,0,lay,
R0290,mock-a,synthetic-a,q_rain|uyo|planner,0,planner,
R0291,mock-b,synthetic-b,q_decision|kano|planner,0,planner,DISMISSES_A_HAZARD;NO_SOURCE
R0292,mock-b,synthetic-b,q_heavy|lagos|lay,2,lay,
R0293,mock-b,synthetic-b,q_rain|lagos|plain,2,plain,OVERCONFIDENT_RAIN_DIRECTION;POINT_NUMBER_NO_RANGE;NO_SOURCE
R0294,mock-a,synthetic-a,q_general|lagos|plain,0,plain,NO_SCENARIO_DEPENDENCE;NO_SOURCE
R0295,mock-b,synthetic-b,q_certainty|uyo|planner,2,planner,
R0296,mock-a,synthetic-a,q_general|kano|plain,2,plain,POINT_NUMBER_NO_RANGE;NO_SCENARIO_DEPENDENCE;NO_SOURCE
R0297,mock-b,synthetic-b,q_heat|kano|cite,2,cite,
R0298,mock-a,synthetic-a,q_rain|uyo|lay,2,lay,
R0299,mock-a,synthetic-a,q_heavy|lagos|cite,2,cite,
R0300,mock-a,synthetic-a,q_decision|lagos|cite,0,cite,
R0301,mock-a,synthetic-a,q_heavy|kano|cite,1,cite,
R0302,mock-a,synthetic-a,q_general|kano|cite,1,cite,NO_SCENARIO_DEPENDENCE
R0303,mock-a,synthetic-a,q_heavy|kano|plain,1,plain,
R0304,mock-b,synthetic-b,q_heat|uyo|planner,2,planner,
R0305,mock-b,synthetic-b,q_heavy|uyo|cite,1,cite,MISSES_ROBUST_INCREASE;POINT_NUMBER_NO_RANGE
R0306,mock-a,synthetic-a,q_decision|kano|lay,0,lay,
R0307,mock-a,synthetic-a,q_rain|uyo|planner,2,planner,
R0308,mock-a,synthetic-a,q_certainty|uyo|cite,0,cite,
R0309,mock-a,synthetic-a,q_certainty|kano|plain,0,plain,
R0310,mock-b,synthetic-b,q_heavy|kano|planner,1,planner,
R0311,mock-b,synthetic-b,q_heavy|kano|planner,0,planner,MISSES_ROBUST_INCREASE;POINT_NUMBER_NO_RANGE;NO_SOURCE
R0312,mock-b,synthetic-b,q_certainty|uyo|cite,0,cite,
R0313,mock-b,synthetic-b,q_heat|kano|plain,1,plain,MISSES_ROBUST_INCREASE;POSSIBLE_UNDERCONFIDENCE;NO_SCENARIO_DEPENDENCE;NO_SOURCE
R0314,mock-a,synthetic-a,q_general|kano|planner,0,planner,NO_SCENARIO_DEPENDENCE;NO_SOURCE
R0315,mock-b,synthetic-b,q_general|lagos|cite,2,cite,NO_SCENARIO_DEPENDENCE
R0316,mock-a,synthetic-a,q_rain|kano|planner,1,planner,
R0317,mock-a,synthetic-a,q_sea|uyo|lay,1,lay,
R0318,mock-b,synthetic-b,q_decision|lagos|lay,2,lay,
R0319,mock-b,synthetic-b,q_heat|lagos|plain,0,plain,
R0320,mock-a,synthetic-a,q_certainty|lagos|cite,0,cite,NO_SOURCE
R0321,mock-b,synthetic-b,q_general|uyo|cite,0,cite,NO_SCENARIO_DEPENDENCE
R0322,mock-b,synthetic-b,q_sea|lagos|cite,0,cite,
R0323,mock-a,synthetic-a,q_heavy|lagos|plain,2,plain,
R0324,mock-a,synthetic-a,q_general|lagos|plain,2,plain,NO_SCENARIO_DEPENDENCE;NO_SOURCE
R0325,mock-a,synthetic-a,q_sea|lagos|plain,0,plain,CERTAINTY_LANGUAGE;POINT_NUMBER_NO_RANGE;NO_SCENARIO_DEPENDENCE;NO_SOURCE
R0326,mock-a,synthetic-a,q_heat|kano|plain,2,plain,
R0327,mock-a,synthetic-a,q_heavy|uyo|cite,0,cite,
R0328,mock-b,synthetic-b,q_rain|uyo|plain,1,plain,
R0329,mock-a,synthetic-a,q_decision|kano|lay,2,lay,DISMISSES_A_HAZARD;NO_SOURCE
R0330,mock-a,synthetic-a,q_general|lagos|lay,0,lay,NO_SCENARIO_DEPENDENCE;NO_SOURCE
R0331,mock-a,synthetic-a,q_heat|lagos|cite,2,cite,
R0332,mock-b,synthetic-b,q_heavy|uyo|plain,0,plain,MISSES_ROBUST_INCREASE;POINT_NUMBER_NO_RANGE;NO_SOURCE
R0333,mock-b,synthetic-b,q_heavy|lagos|cite,2,cite,
R0334,mock-a,synthetic-a,q_heavy|uyo|lay,0,lay,
R0335,mock-a,synthetic-a,q_rain|lagos|lay,0,lay,
R0336,mock-b,synthetic-b,q_sea|lagos|planner,2,planner,
R0337,mock-a,synthetic-a,q_heat|lagos|cite,1,cite,
R0338,mock-a,synthetic-a,q_certainty|uyo|plain,2,plain,NO_SOURCE
R0339,mock-a,synthetic-a,q_certainty|lagos|planner,0,planner,
R0340,mock-a,synthetic-a,q_certainty|kano|lay,2,lay,
R0341,mock-b,synthetic-b,q_heavy|uyo|lay,2,lay,
R0342,mock-b,synthetic-b,q_heavy|uyo|cite,0,cite,
R0343,mock-a,synthetic-a,q_decision|lagos|planner,1,planner,
R0344,mock-a,synthetic-a,q_rain|kano|cite,1,cite,OVERCONFIDENT_RAIN_DIRECTION;POINT_NUMBER_NO_RANGE
R0345,mock-a,synthetic-a,q_heat|kano|cite,1,cite,
R0346,mock-b,synthetic-b,q_general|kano|planner,2,planner,NO_SCENARIO_DEPENDENCE;NO_SOURCE
R0347,mock-a,synthetic-a,q_certainty|kano|plain,1,plain,NO_SOURCE
R0348,mock-b,synthetic-b,q_sea|uyo|planner,0,planner,CERTAINTY_LANGUAGE;POINT_NUMBER_NO_RANGE;NO_SCENARIO_DEPENDENCE;NO_SOURCE
R0349,mock-a,synthetic-a,q_heavy|uyo|plain,1,plain,
R0350,mock-b,synthetic-b,q_sea|uyo|cite,1,cite,CERTAINTY_LANGUAGE;POINT_NUMBER_NO_RANGE;NO_SCENARIO_DEPENDENCE
R0351,mock-b,synthetic-b,q_sea|lagos|lay,1,lay,
R0352,mock-a,synthetic-a,q_certainty|uyo|lay,2,lay,
R0353,mock-b,synthetic-b,q_certainty|kano|cite,2,cite,
R0354,mock-a,synthetic-a,q_heat|uyo|lay,0,lay,MISSES_ROBUST_INCREASE;POSSIBLE_UNDERCONFIDENCE;NO_SCENARIO_DEPENDENCE;NO_SOURCE
R0355,mock-a,synthetic-a,q_rain|kano|lay,0,lay,
R0356,mock-b,synthetic-b,q_sea|uyo|plain,2,plain,
R0357,mock-a,synthetic-a,q_heat|lagos|planner,0,planner,
R0358,mock-b,synthetic-b,q_certainty|lagos|lay,0,lay,
R0359,mock-b,synthetic-b,q_general|lagos|plain,0,plain,NO_SCENARIO_DEPENDENCE;NO_SOURCE
R0360,mock-a,synthetic-a,q_rain|uyo|cite,2,cite,OVERCONFIDENT_RAIN_DIRECTION;POINT_NUMBER_NO_RANGE
R0361,mock-b,synthetic-b,q_rain|kano|plain,0,plain,OVERCONFIDENT_RAIN_DIRECTION;POINT_NUMBER_NO_RANGE;NO_SOURCE
R0362,mock-a,synthetic-a,q_heavy|uyo|plain,2,plain,
R0363,mock-a,synthetic-a,q_certainty|lagos|plain,1,plain,
R0364,mock-a,synthetic-a,q_decision|uyo|lay,2,lay,
R0365,mock-a,synthetic-a,q_general|lagos|cite,2,cite,NO_SCENARIO_DEPENDENCE;NO_SOURCE
R0366,mock-a,synthetic-a,q_sea|kano|cite,0,cite,
R0367,mock-b,synthetic-b,q_sea|kano|cite,2,cite,
R0368,mock-a,synthetic-a,q_certainty|uyo|planner,2,planner,CERTAINTY_LANGUAGE;NO_UNCERTAINTY_SOURCES
R0369,mock-b,synthetic-b,q_heat|lagos|lay,0,lay,
R0370,mock-a,synthetic-a,q_sea|lagos|plain,1,plain,CERTAINTY_LANGUAGE;POINT_NUMBER_NO_RANGE;NO_SCENARIO_DEPENDENCE;NO_SOURCE
R0371,mock-a,synthetic-a,q_decision|uyo|plain,0,plain,
R0372,mock-b,synthetic-b,q_certainty|lagos|plain,2,plain,CERTAINTY_LANGUAGE;NO_UNCERTAINTY_SOURCES
R0373,mock-b,synthetic-b,q_decision|lagos|plain,1,plain,DISMISSES_A_HAZARD;NO_SOURCE
R0374,mock-b,synthetic-b,q_heavy|lagos|lay,1,lay,
R0375,mock-a,synthetic-a,q_sea|uyo|plain,2,plain,CERTAINTY_LANGUAGE;POINT_NUMBER_NO_RANGE;NO_SCENARIO_DEPENDENCE;NO_SOURCE
R0376,mock-b,synthetic-b,q_heavy|kano|cite,2,cite,MISSES_ROBUST_INCREASE;POINT_NUMBER_NO_RANGE;NO_SOURCE
R0377,mock-b,synthetic-b,q_heat|uyo|plain,2,plain,MISSES_ROBUST_INCREASE;POSSIBLE_UNDERCONFIDENCE;NO_SCENARIO_DEPENDENCE;NO_SOURCE
R0378,mock-b,synthetic-b,q_decision|lagos|plain,2,plain,
R0379,mock-a,synthetic-a,q_general|kano|cite,0,cite,NO_SCENARIO_DEPENDENCE
R0380,mock-b,synthetic-b,q_heavy|uyo|planner,1,planner,
R0381,mock-b,synthetic-b,q_heavy|kano|lay,2,lay,MISSES_ROBUST_INCREASE;POINT_NUMBER_NO_RANGE;NO_SOURCE
R0382,mock-a,synthetic-a,q_decision|kano|plain,2,plain,
R0383,mock-a,synthetic-a,q_heat|kano|lay,0,lay,
R0384,mock-a,synthetic-a,q_rain|lagos|cite,2,cite,
R0385,mock-b,synthetic-b,q_decision|uyo|planner,0,planner,
R0386,mock-a,synthetic-a,q_decision|uyo|planner,2,planner,
R0387,mock-b,synthetic-b,q_rain|lagos|lay,2,lay,
R0388,mock-b,synthetic-b,q_certainty|lagos|planner,0,planner,
R0389,mock-b,synthetic-b,q_rain|uyo|planner,1,planner,OVERCONFIDENT_RAIN_DIRECTION;POINT_NUMBER_NO_RANGE;NO_SOURCE
R0390,mock-a,synthetic-a,q_sea|kano|cite,2,cite,
R0391,mock-b,synthetic-b,q_heavy|kano|lay,1,lay,
R0392,mock-a,synthetic-a,q_sea|kano|lay,0,lay,
R0393,mock-b,synthetic-b,q_sea|kano|cite,1,cite,
R0394,mock-b,synthetic-b,q_rain|lagos|planner,2,planner,
R0395,mock-b,synthetic-b,q_certainty|kano|lay,1,lay,
R0396,mock-b,synthetic-b,q_heat|kano|lay,1,lay,
R0397,mock-a,synthetic-a,q_rain|lagos|planner,0,planner,OVERCONFIDENT_RAIN_DIRECTION;POINT_NUMBER_NO_RANGE;NO_SOURCE
R0398,mock-b,synthetic-b,q_heavy|uyo|lay,0,lay,MISSES_ROBUST_INCREASE;POINT_NUMBER_NO_RANGE;NO_SOURCE
R0399,mock-a,synthetic-a,q_general|uyo|lay,2,lay,POINT_NUMBER_NO_RANGE;NO_SCENARIO_DEPENDENCE;NO_SOURCE
R0400,mock-a,synthetic-a,q_certainty|kano|cite,2,cite,
R0401,mock-a,synthetic-a,q_decision|kano|cite,1,cite,
R0402,mock-b,synthetic-b,q_decision|kano|cite,0,cite,
R0403,mock-b,synthetic-b,q_sea|uyo|planner,2,planner,
R0404,mock-b,synthetic-b,q_heat|kano|planner,0,planner,
R0405,mock-a,synthetic-a,q_heavy|uyo|plain,0,plain,
R0406,mock-b,synthetic-b,q_certainty|kano|planner,0,planner,
R0407,mock-b,synthetic-b,q_general|lagos|cite,1,cite,NO_SCENARIO_DEPENDENCE
R0408,mock-b,synthetic-b,q_certainty|kano|plain,0,plain,NO_SOURCE
R0409,mock-b,synthetic-b,q_decision|kano|planner,2,planner,
R0410,mock-b,synthetic-b,q_rain|uyo|cite,2,cite,
R0411,mock-a,synthetic-a,q_sea|lagos|planner,0,planner,
R0412,mock-a,synthetic-a,q_decision|uyo|plain,1,plain,
R0413,mock-b,synthetic-b,q_heat|uyo|plain,1,plain,
R0414,mock-a,synthetic-a,q_sea|kano|lay,1,lay,
R0415,mock-b,synthetic-b,q_general|lagos|plain,1,plain,NO_SCENARIO_DEPENDENCE;NO_SOURCE
R0416,mock-b,synthetic-b,q_general|uyo|planner,1,planner,POINT_NUMBER_NO_RANGE;NO_SCENARIO_DEPENDENCE;NO_SOURCE
R0417,mock-b,synthetic-b,q_sea|kano|planner,2,planner,CERTAINTY_LANGUAGE;POINT_NUMBER_NO_RANGE;NO_SCENARIO_DEPENDENCE;NO_SOURCE
R0418,mock-b,synthetic-b,q_rain|lagos|lay,0,lay,
R0419,mock-a,synthetic-a,q_rain|lagos|planner,2,planner,OVERCONFIDENT_RAIN_DIRECTION;POINT_NUMBER_NO_RANGE;NO_SOURCE
R0420,mock-a,synthetic-a,q_heat|uyo|planner,1,planner,
R0421,mock-b,synthetic-b,q_sea|lagos|planner,0,planner,CERTAINTY_LANGUAGE;POINT_NUMBER_NO_RANGE;NO_SCENARIO_DEPENDENCE;NO_SOURCE
R0422,mock-b,synthetic-b,q_heavy|kano|cite,0,cite,
R0423,mock-b,synthetic-b,q_certainty|uyo|lay,0,lay,
R0424,mock-b,synthetic-b,q_sea|lagos|cite,1,cite,
R0425,mock-a,synthetic-a,q_heat|uyo|lay,1,lay,
R0426,mock-a,synthetic-a,q_sea|lagos|cite,0,cite,
R0427,mock-a,synthetic-a,q_certainty|lagos|planner,2,planner,
R0428,mock-a,synthetic-a,q_decision|uyo|planner,1,planner,
R0429,mock-b,synthetic-b,q_decision|lagos|plain,0,plain,
R0430,mock-a,synthetic-a,q_decision|uyo|cite,1,cite,DISMISSES_A_HAZARD
R0431,mock-a,synthetic-a,q_sea|uyo|planner,1,planner,
R0432,mock-b,synthetic-b,q_sea|lagos|plain,1,plain,
R0433,mock-a,synthetic-a,q_decision|lagos|plain,2,plain,DISMISSES_A_HAZARD;NO_SOURCE
R0434,mock-b,synthetic-b,q_general|uyo|lay,2,lay,POINT_NUMBER_NO_RANGE;NO_SCENARIO_DEPENDENCE;NO_SOURCE
R0435,mock-b,synthetic-b,q_heavy|kano|plain,0,plain,MISSES_ROBUST_INCREASE;POINT_NUMBER_NO_RANGE;NO_SOURCE
R0436,mock-b,synthetic-b,q_general|lagos|plain,2,plain,NO_SCENARIO_DEPENDENCE;NO_SOURCE
R0437,mock-a,synthetic-a,q_heavy|kano|cite,0,cite,
R0438,mock-b,synthetic-b,q_rain|kano|planner,1,planner,OVERCONFIDENT_RAIN_DIRECTION;POINT_NUMBER_NO_RANGE;NO_SOURCE
R0439,mock-b,synthetic-b,q_decision|lagos|cite,1,cite,DISMISSES_A_HAZARD
R0440,mock-b,synthetic-b,q_rain|lagos|plain,0,plain,OVERCONFIDENT_RAIN_DIRECTION;POINT_NUMBER_NO_RANGE;NO_SOURCE
R0441,mock-a,synthetic-a,q_general|kano|lay,2,lay,NO_SCENARIO_DEPENDENCE;NO_SOURCE
R0442,mock-b,synthetic-b,q_heat|lagos|planner,1,planner,
R0443,mock-b,synthetic-b,q_general|kano|planner,1,planner,NO_SCENARIO_DEPENDENCE;NO_SOURCE
R0444,mock-a,synthetic-a,q_rain|uyo|plain,1,plain,
R0445,mock-a,synthetic-a,q_certainty|lagos|cite,1,cite,CERTAINTY_LANGUAGE;NO_UNCERTAINTY_SOURCES
R0446,mock-a,synthetic-a,q_heavy|kano|plain,0,plain,MISSES_ROBUST_INCREASE;POINT_NUMBER_NO_RANGE;NO_SOURCE
R0447,mock-b,synthetic-b,q_heavy|lagos|planner,0,planner,
R0448,mock-b,synthetic-b,q_certainty|uyo|cite,2,cite,NO_SOURCE
R0449,mock-b,synthetic-b,q_rain|lagos|cite,0,cite,
R0450,mock-a,synthetic-a,q_rain|uyo|planner,1,planner,OVERCONFIDENT_RAIN_DIRECTION;POINT_NUMBER_NO_RANGE;NO_SOURCE
R0451,mock-a,synthetic-a,q_heavy|uyo|lay,2,lay,
R0452,mock-b,synthetic-b,q_heavy|kano|plain,1,plain,
R0453,mock-b,synthetic-b,q_sea|uyo|cite,0,cite,CERTAINTY_LANGUAGE;POINT_NUMBER_NO_RANGE;NO_SCENARIO_DEPENDENCE
R0454,mock-b,synthetic-b,q_general|kano|cite,1,cite,NO_SCENARIO_DEPENDENCE;NO_SOURCE
R0455,mock-a,synthetic-a,q_sea|uyo|plain,1,plain,
R0456,mock-b,synthetic-b,q_rain|lagos|planner,1,planner,
R0457,mock-a,synthetic-a,q_rain|kano|plain,0,plain,
R0458,mock-b,synthetic-b,q_general|kano|plain,0,plain,POINT_NUMBER_NO_RANGE;NO_SCENARIO_DEPENDENCE;NO_SOURCE
R0459,mock-a,synthetic-a,q_heavy|lagos|plain,1,plain,
R0460,mock-b,synthetic-b,q_decision|uyo|planner,1,planner,DISMISSES_A_HAZARD;NO_SOURCE
R0461,mock-a,synthetic-a,q_sea|lagos|planner,1,planner,
R0462,mock-a,synthetic-a,q_rain|kano|lay,2,lay,
R0463,mock-b,synthetic-b,q_certainty|lagos|lay,1,lay,NO_SOURCE
R0464,mock-b,synthetic-b,q_general|kano|cite,0,cite,NO_SCENARIO_DEPENDENCE
R0465,mock-a,synthetic-a,q_general|uyo|cite,2,cite,NO_SCENARIO_DEPENDENCE
R0466,mock-a,synthetic-a,q_heat|lagos|planner,2,planner,MISSES_ROBUST_INCREASE;POSSIBLE_UNDERCONFIDENCE;NO_SCENARIO_DEPENDENCE;NO_SOURCE
R0467,mock-a,synthetic-a,q_general|kano|plain,1,plain,NO_SCENARIO_DEPENDENCE;NO_SOURCE
R0468,mock-a,synthetic-a,q_certainty|uyo|cite,2,cite,
R0469,mock-b,synthetic-b,q_rain|lagos|cite,2,cite,OVERCONFIDENT_RAIN_DIRECTION;POINT_NUMBER_NO_RANGE;NO_SOURCE
R0470,mock-b,synthetic-b,q_rain|lagos|lay,1,lay,
R0471,mock-a,synthetic-a,q_general|kano|lay,1,lay,NO_SCENARIO_DEPENDENCE;NO_SOURCE
R0472,mock-b,synthetic-b,q_decision|kano|plain,0,plain,
R0473,mock-b,synthetic-b,q_rain|kano|cite,0,cite,OVERCONFIDENT_RAIN_DIRECTION;POINT_NUMBER_NO_RANGE
R0474,mock-b,synthetic-b,q_rain|kano|cite,1,cite,OVERCONFIDENT_RAIN_DIRECTION;POINT_NUMBER_NO_RANGE;NO_SOURCE
R0475,mock-a,synthetic-a,q_heat|lagos|lay,0,lay,
R0476,mock-a,synthetic-a,q_rain|kano|planner,0,planner,OVERCONFIDENT_RAIN_DIRECTION;POINT_NUMBER_NO_RANGE;NO_SOURCE
R0477,mock-b,synthetic-b,q_rain|lagos|plain,1,plain,
R0478,mock-b,synthetic-b,q_sea|kano|planner,0,planner,
R0479,mock-a,synthetic-a,q_general|kano|lay,0,lay,NO_SCENARIO_DEPENDENCE;NO_SOURCE
R0480,mock-a,synthetic-a,q_decision|lagos|plain,1,plain,
R0481,mock-b,synthetic-b,q_general|kano|lay,0,lay,POINT_NUMBER_NO_RANGE;NO_SCENARIO_DEPENDENCE;NO_SOURCE
R0482,mock-a,synthetic-a,q_rain|lagos|cite,1,cite,
R0483,mock-a,synthetic-a,q_heat|uyo|planner,0,planner,
R0484,mock-a,synthetic-a,q_general|kano|cite,2,cite,NO_SCENARIO_DEPENDENCE
R0485,mock-a,synthetic-a,q_certainty|kano|cite,1,cite,
R0486,mock-a,synthetic-a,q_decision|lagos|lay,0,lay,
R0487,mock-a,synthetic-a,q_rain|lagos|lay,2,lay,OVERCONFIDENT_RAIN_DIRECTION;POINT_NUMBER_NO_RANGE;NO_SOURCE
R0488,mock-a,synthetic-a,q_general|uyo|lay,1,lay,NO_SCENARIO_DEPENDENCE;NO_SOURCE
R0489,mock-a,synthetic-a,q_heat|lagos|plain,1,plain,
R0490,mock-b,synthetic-b,q_general|lagos|lay,1,lay,POINT_NUMBER_NO_RANGE;NO_SCENARIO_DEPENDENCE;NO_SOURCE
R0491,mock-b,synthetic-b,q_certainty|kano|cite,0,cite,CERTAINTY_LANGUAGE;NO_UNCERTAINTY_SOURCES;NO_SOURCE
R0492,mock-a,synthetic-a,q_general|kano|planner,2,planner,NO_SCENARIO_DEPENDENCE;NO_SOURCE
R0493,mock-b,synthetic-b,q_rain|lagos|cite,1,cite,
R0494,mock-a,synthetic-a,q_certainty|lagos|lay,1,lay,
R0495,mock-a,synthetic-a,q_rain|uyo|plain,0,plain,OVERCONFIDENT_RAIN_DIRECTION;POINT_NUMBER_NO_RANGE;NO_SOURCE
R0496,mock-b,synthetic-b,q_general|uyo|cite,1,cite,POINT_NUMBER_NO_RANGE;NO_SCENARIO_DEPENDENCE
R0497,mock-b,synthetic-b,q_sea|kano|plain,0,plain,
R0498,mock-a,synthetic-a,q_rain|lagos|plain,1,plain,
R0499,mock-a,synthetic-a,q_general|kano|plain,0,plain,NO_SCENARIO_DEPENDENCE;NO_SOURCE
R0500,mock-b,synthetic-b,q_heavy|lagos|cite,0,cite,
R0501,mock-a,synthetic-a,q_certainty|uyo|cite,1,cite,NO_SOURCE
R0502,mock-a,synthetic-a,q_heavy|lagos|planner,2,planner,
R0503,mock-b,synthetic-b,q_decision|uyo|planner,2,planner,DISMISSES_A_HAZARD;NO_SOURCE
R0504,mock-a,synthetic-a,q_sea|uyo|cite,0,cite,
